id,timestamp,photo_path,message
1,2026-03-17T16:59:20.660508,sample.jpg,Sample alert
2,2026-03-19T13:59:41.394593,motion_alert_1773908978.jpg,Motion detected alert sent
3,2026-03-19T13:59:56.232620,motion_alert_1773908993.jpg,Motion detected alert sent
4,2026-03-19T14:00:13.070571,motion_alert_1773909008.jpg,Motion detected alert sent
5,2026-03-19T14:00:26.903433,motion_alert_1773909023.jpg,Motion detected alert sent
6,2026-03-19T14:08:14.665044,motion_alert_1773909491.jpg,Motion detected alert sent
7,2026-03-19T14:08:34.195870,motion_alert_1773909510.jpg,Motion detected alert sent
8,2026-03-19T14:08:48.368980,motion_alert_1773909525.jpg,Motion detected alert sent
9,2026-03-19T14:09:05.218304,motion_alert_1773909540.jpg,Motion detected alert sent
